group,n,theta_mae_deg,true_flat,true_stall,true_slope,pred_flat,pred_stall,pred_slope
main_correct,3483,0.7481588125228882,733,69,2681,733,69,2681
main_error,119,2.1159110069274902,23,27,69,74,4,41
flat_to_stall,0,nan,0,0,0,0,0,0
flat_to_slope,23,1.0039807558059692,23,0,0,0,0,23
slope_to_flat,65,1.1691362857818604,0,0,65,65,0,0
slope_to_stall,4,2.476801872253418,0,0,4,0,4,0
theta_abs_error_top5pct,181,4.125097274780273,17,91,73,30,66,85
theta_edge_abs_ge8,691,0.750652015209198,0,0,691,0,2,689
