{
  "timestamp": "2026-06-21T00:20:51",
  "scope": "exp3_patch_full_rescue_single_seed_only",
  "baseline_source": "E:\\Matlab\\Simulink\\S-Function_16\\results\\paper\\agv_model_parameter_correction_workflow\\08_models\\modern_tcn\\modern_tcn_v5_plantfix_turn_l020_tt25_tcm14_stw055_slrw060_seed101\\modern_tcn_seed101_summary.csv",
  "baseline_metrics": {
    "acc_main": 0.9669627984453082,
    "acc_turn": 0.5788450860632982,
    "acc_turn_transition": 0.4977645305514158,
    "theta_mae_deg": 0.6793947815895081,
    "flat_recall": 0.9695767195767195,
    "stall_recall": 0.71875,
    "slope_recall": 0.974909090909091,
    "theta_edge_p95_abs_err": 2.755056858062744
  },
  "thresholds": {
    "acc_main": {
      "direction": ">=",
      "threshold": 0.9639627984453082,
      "baseline": 0.9669627984453082
    },
    "acc_turn": {
      "direction": ">=",
      "threshold": 0.5738450860632982,
      "baseline": 0.5788450860632982
    },
    "acc_turn_transition": {
      "direction": ">=",
      "threshold": 0.4977645305514158,
      "baseline": 0.4977645305514158
    },
    "theta_mae_deg": {
      "direction": "<=",
      "threshold": 0.6893947815895081,
      "baseline": 0.6793947815895081
    },
    "flat_recall": {
      "direction": ">=",
      "threshold": 0.9595767195767195,
      "baseline": 0.9695767195767195
    },
    "stall_recall": {
      "direction": ">=",
      "threshold": 0.66875,
      "baseline": 0.71875
    },
    "slope_recall": {
      "direction": ">=",
      "threshold": 0.9699090909090909,
      "baseline": 0.974909090909091
    },
    "theta_edge_p95_abs_err": {
      "direction": "<=",
      "threshold": 2.755056858062744,
      "baseline": 2.755056858062744
    }
  },
  "runs": [
    {
      "run_tag": "full128_light_theta_select_seed21",
      "summary_file": "results\\modern_tcn_ablation\\exp3_patch_full_rescue\\full128_light_theta_select_seed21\\modern_tcn_full_seed21_summary.csv",
      "acc_main": 0.9508606329816769,
      "acc_main_delta_vs_baseline_good_positive": -0.0161021654636313,
      "acc_turn": 0.5788450860632982,
      "acc_turn_delta_vs_baseline_good_positive": 0.0,
      "acc_turn_transition": 0.46795827123695977,
      "acc_turn_transition_delta_vs_baseline_good_positive": -0.02980625931445602,
      "theta_mae_deg": 0.7480581402778625,
      "theta_mae_deg_delta_vs_baseline_good_positive": -0.06866335868835449,
      "flat_recall": 0.9457671957671958,
      "flat_recall_delta_vs_baseline_good_positive": -0.023809523809523725,
      "stall_recall": 0.6354166666666666,
      "stall_recall_delta_vs_baseline_good_positive": -0.08333333333333337,
      "slope_recall": 0.9632727272727273,
      "slope_recall_delta_vs_baseline_good_positive": -0.011636363636363667,
      "theta_edge_p95_abs_err": 2.909252166748047,
      "theta_edge_p95_abs_err_delta_vs_baseline_good_positive": -0.15419530868530273,
      "formal_gate_pass": false
    },
    {
      "run_tag": "full128_light_theta_loss_seed21",
      "summary_file": "results\\modern_tcn_ablation\\exp3_patch_full_rescue\\full128_light_theta_loss_seed21\\modern_tcn_full_seed21_summary.csv",
      "acc_main": 0.9558578567462521,
      "acc_main_delta_vs_baseline_good_positive": -0.01110494169905607,
      "acc_turn": 0.5816213214880622,
      "acc_turn_delta_vs_baseline_good_positive": 0.0027762354247640175,
      "acc_turn_transition": 0.47242921013412814,
      "acc_turn_transition_delta_vs_baseline_good_positive": -0.025335320417287643,
      "theta_mae_deg": 0.7917922735214233,
      "theta_mae_deg_delta_vs_baseline_good_positive": -0.11239749193191528,
      "flat_recall": 0.9722222222222222,
      "flat_recall_delta_vs_baseline_good_positive": 0.002645502645502673,
      "stall_recall": 0.6770833333333334,
      "stall_recall_delta_vs_baseline_good_positive": -0.04166666666666663,
      "slope_recall": 0.9610909090909091,
      "slope_recall_delta_vs_baseline_good_positive": -0.01381818181818184,
      "theta_edge_p95_abs_err": 3.934220314025879,
      "theta_edge_p95_abs_err_delta_vs_baseline_good_positive": -1.1791634559631348,
      "formal_gate_pass": false
    },
    {
      "run_tag": "full128_densepatch_theta_select_seed21",
      "summary_file": "results\\modern_tcn_ablation\\exp3_patch_full_rescue\\full128_densepatch_theta_select_seed21\\modern_tcn_full_seed21_summary.csv",
      "acc_main": 0.9514158800666297,
      "acc_main_delta_vs_baseline_good_positive": -0.015546918378678498,
      "acc_turn": 0.6029983342587452,
      "acc_turn_delta_vs_baseline_good_positive": 0.024153248195446952,
      "acc_turn_transition": 0.5171385991058122,
      "acc_turn_transition_delta_vs_baseline_good_positive": 0.019374068554396384,
      "theta_mae_deg": 0.5706025958061218,
      "theta_mae_deg_delta_vs_baseline_good_positive": 0.10879218578338623,
      "flat_recall": 0.9656084656084656,
      "flat_recall_delta_vs_baseline_good_positive": -0.003968253968253954,
      "stall_recall": 0.6145833333333334,
      "stall_recall_delta_vs_baseline_good_positive": -0.10416666666666663,
      "slope_recall": 0.9592727272727273,
      "slope_recall_delta_vs_baseline_good_positive": -0.01563636363636367,
      "theta_edge_p95_abs_err": 2.4979312419891357,
      "theta_edge_p95_abs_err_delta_vs_baseline_good_positive": 0.2571256160736084,
      "formal_gate_pass": false
    },
    {
      "run_tag": "full128_densepatch_theta_loss_seed21",
      "summary_file": "results\\modern_tcn_ablation\\exp3_patch_full_rescue\\full128_densepatch_theta_loss_seed21\\modern_tcn_full_seed21_summary.csv",
      "acc_main": 0.9586340921710161,
      "acc_main_delta_vs_baseline_good_positive": -0.008328706274292053,
      "acc_turn": 0.579400333148251,
      "acc_turn_delta_vs_baseline_good_positive": 0.0005552470849528035,
      "acc_turn_transition": 0.4992548435171386,
      "acc_turn_transition_delta_vs_baseline_good_positive": 0.0014903129657228287,
      "theta_mae_deg": 0.6188014149665833,
      "theta_mae_deg_delta_vs_baseline_good_positive": 0.060593366622924805,
      "flat_recall": 0.966931216931217,
      "flat_recall_delta_vs_baseline_good_positive": -0.002645502645502562,
      "stall_recall": 0.6145833333333334,
      "stall_recall_delta_vs_baseline_good_positive": -0.10416666666666663,
      "slope_recall": 0.9683636363636363,
      "slope_recall_delta_vs_baseline_good_positive": -0.006545454545454632,
      "theta_edge_p95_abs_err": 3.384803295135498,
      "theta_edge_p95_abs_err_delta_vs_baseline_good_positive": -0.6297464370727539,
      "formal_gate_pass": false
    }
  ],
  "decision": "no_promote_no_onnx_no_closed_loop",
  "reason": "No rescue run passed the full offline gate; densepatch runs restored theta and transition but still fail acc_main/stall_recall and sometimes slope/edge gates.",
  "best_transition_candidate": "full128_densepatch_theta_select_seed21",
  "best_theta_candidate": "full128_densepatch_theta_select_seed21",
  "recommended_next_if_user_continues": "Run a new controlled densepatch-only rescue plan, not immediate promotion: 3-seed validation of selector-only densepatch plus one lighter theta-loss variant; keep ONNX/MATLAB/closed-loop blocked until offline gates pass.",
  "hard_boundaries_observed": [
    "Only used 22D plantfix dataset explicit --dataset-file.",
    "All runs are seed21 random-init train_modern_tcn.py runs; no warm-start or fine-tune checkpoint was provided.",
    "No ONNX export, MATLAB, Simulink, or closed-loop command was executed in this rescue round."
  ]
}