metric,source,n,mean_ms,p50_ms,p95_ms,max_ms,overrun_rate_vs_Ts,margin_p95_ms,pass_p95,note
onnxruntime_single_window,python_onnxruntime,5000,0.38040738,0.3659,0.450725,1.8839,0,9.549275,1,""
matlab_replay_update_predict_steady,matlab_replay,4154,17.134568464131,15.2057,28.38876,42.4473,1,-18.38876,0,""
matlab_replay_update_predict_all,matlab_replay,4174,17.8181208433158,15.2315,28.50798,2116.4968,1,-18.50798,0,""
matlab_replay_update_all,matlab_replay,4301,17.2945928853755,15.1256,28.35529,2116.4968,0.970471983259707,-18.35529,0,""
mpc_solve_time,closed_loop_logsout,9402,0.0267581950223357,0.0243068,0.04159624,2.1765604,0,9.95840376,1,""
cycle_onnxruntime_plus_mpc,computed_sum,5000,0.407165575022336,0.3902068,0.49232124,4.0604604,NaN,9.50767876,1,"p95 sum of ONNXRuntime and MPC"
cycle_matlab_replay_plus_mpc,computed_sum,4154,17.1613266591533,15.2300068,28.43035624,44.6238604,NaN,-18.43035624,0,"p95 sum of MATLAB replay and MPC"
simulink_wall_per_step,SimulationMetadata.TimingInfo,2,29.3023779696072,29.3023779696072,30.0939751393963,30.0939751393963,NaN,-20.0939751393963,0,"desktop simulation wall time, not embedded controller compute time"
