metric,mean,std,min,max
acc_main,1,0,1,1
acc_turn,0.875,0,0.875,0.875
acc_turn_pure,0.923076923076923,0,0.923076923076923,0.923076923076923
acc_turn_transition,0.666666666666667,0,0.666666666666667,0.666666666666667
theta_mae_deg,0.240677564926436,0,0.240677564926436,0.240677564926436
flat_recall,1,0,1,1
stall_recall,1,0,1,1
slope_recall,1,0,1,1
uphill_recall,1,0,1,1
downhill_recall,1,0,1,1
