metric,mean,std,min,max
acc_main,0.953125,0,0.953125,0.953125
acc_turn,0.9375,0,0.9375,0.9375
acc_turn_pure,0.948275862068966,0,0.948275862068966,0.948275862068966
acc_turn_transition,0.833333333333333,0,0.833333333333333,0.833333333333333
theta_mae_deg,0.502077909802017,0,0.502077909802017,0.502077909802017
flat_recall,0.926829268292683,0,0.926829268292683,0.926829268292683
stall_recall,1,0,1,1
slope_recall,1,0,1,1
uphill_recall,1,0,1,1
downhill_recall,1,0,1,1
