controller,zone,t0,t1,duration_s,n_samples,ey_rmse,ey_peak,ey_iae,epsi_rmse,epsi_peak,ev_rmse,ev_peak,eomega_rmse,eomega_peak,xy_rmse,xy_peak,F_rms,F_peak,F_sat595_pct,F_limit_hit_pct,omega_cmd_rms,omega_cmd_peak,omega_sat060_pct,omega_limit_hit_pct,viol_rate,j_du,dF_rms,domega_cmd_rms,solve_time_p50_ms,solve_time_p95_ms,solve_time_p99_ms,solve_time_max_ms,timeout_rate,theta_mae_deg,theta_peak_deg,theta_sched_mae_deg,theta_hat_step_p95_deg,theta_sched_step_p95_deg,main_acc_pct,turn_acc_pct,flat_false_slope_pct,slope_recall_pct,right_recall_pct,left_recall_pct,pred_main_1_pct,pred_main_2_pct,pred_main_3_pct,pred_turn_m1_pct,pred_turn_0_pct,pred_turn_1_pct
ModernTCN,all,0,1,1,51,0,0,0,0,0,0.0609501539356516,0.126625803468147,0,0,0.22691940322008,0.235387117238755,82.9528661357277,146.683712535538,0,0,2.25497072482806e-06,2.68580832596399e-06,0,0,0,5.92268679383926,2.43365708221993,9.44698171263555e-08,0.0066409,0.00750019,0.007682407,0.0076828,0,0,0,0,0,0,100,100,0,NaN,NaN,NaN,100,0,0,0,100,0
GRU,all,0,1,1,51,0,0,0,0,0,0.0609501539356516,0.126625803468147,0,0,0.22691940322008,0.235387117238755,82.9528661357277,146.683712535538,0,0,2.25497072482806e-06,2.68580832596399e-06,0,0,0,5.92268679383926,2.43365708221993,9.44698171263555e-08,0.0059511,0.006901835,0.007447018,0.0074504,0,0,0,0,0,0,100,100,0,NaN,NaN,NaN,100,0,0,0,100,0
TCN,all,0,1,1,51,0,0,0,0,0,0.0609501539356516,0.126625803468147,0,0,0.22691940322008,0.235387117238755,82.9528661357277,146.683712535538,0,0,2.25497072482806e-06,2.68580832596399e-06,0,0,0,5.92268679383926,2.43365708221993,9.44698171263555e-08,0.0060233,0.006853415,0.010063535,0.0100954,0,0,0,0,0,0,100,100,0,NaN,NaN,NaN,100,0,0,0,100,0
LPV-MPC_theta0,all,0,1,1,51,0,0,0,0,0,0.0609501539356516,0.126625803468147,0,0,0.22691940322008,0.235387117238755,82.9528661357277,146.683712535538,0,0,2.25497072482806e-06,2.68580832596399e-06,0,0,0,5.92268679383926,2.43365708221993,9.44698171263555e-08,NaN,NaN,NaN,NaN,NaN,0,0,0,0,0,100,100,0,NaN,NaN,NaN,100,0,0,0,100,0
LPV-MPC_oracle_theta,all,0,1,1,51,0,0,0,0,0,0.0609501539356516,0.126625803468147,0,0,0.22691940322008,0.235387117238755,82.9528661357277,146.683712535538,0,0,2.25497072482806e-06,2.68580832596399e-06,0,0,0,5.92268679383926,2.43365708221993,9.44698171263555e-08,NaN,NaN,NaN,NaN,NaN,NaN,NaN,0,NaN,0,NaN,NaN,NaN,NaN,NaN,NaN,NaN,NaN,NaN,NaN,NaN,NaN
