{
  "cache_file": "E:\\Matlab\\Simulink\\S-Function_16\\results\\modern_tcn_sci_innovation\\05_confidence_scheduling\\baseline_prediction_cache.npz",
  "checkpoint": "E:\\Matlab\\Simulink\\S-Function_16\\results\\paper\\agv_model_parameter_correction_workflow\\08_models\\modern_tcn\\modern_tcn_v5_plantfix_turn_l020_tt25_tcm14_stw055_slrw060_seed101\\modern_tcn_seed101.pt",
  "dataset": "E:\\Matlab\\Simulink\\S-Function_16\\data\\tcn\\ModernTCN_dataset_agv_dualsteer_theta10_uniform_conf_h0_v5_plantfix_passive17_plus_all5.mat",
  "n_test_windows": 3602,
  "baseline_metrics": {
    "loss_total": null,
    "acc_main": 0.9669627984453082,
    "acc_turn": 0.5788450860632982,
    "acc_turn_pure": 0.5974070283179802,
    "acc_turn_transition": 0.4977645305514158,
    "false_turn_straight": 0.42369374030005175,
    "flat_recall": 0.9695767195767195,
    "stall_recall": 0.71875,
    "slope_recall": 0.974909090909091,
    "flat_as_stall_ratio": 0.0,
    "stall_as_flat_ratio": 0.09375,
    "recall_main": [
      0.9695767195767195,
      0.71875,
      0.974909090909091
    ],
    "turn_right_recall": 0.6120150187734669,
    "turn_straight_recall": 0.5763062596999483,
    "turn_left_recall": 0.5540229885057472,
    "recall_turn": [
      0.6120150187734669,
      0.5763062596999483,
      0.5540229885057472
    ],
    "cm_turn": [
      [
        489,
        181,
        129
      ],
      [
        432,
        1114,
        387
      ],
      [
        198,
        190,
        482
      ]
    ],
    "n_turn_transition": 671,
    "n_turn_pure": 2931,
    "cm_main": [
      [
        733,
        0,
        23
      ],
      [
        9,
        69,
        18
      ],
      [
        65,
        4,
        2681
      ]
    ],
    "main_confidence_mean": 0.9876970444627096,
    "main_confidence_error_mean": 0.8583919442462841,
    "main_low_conf_0p60_ratio": 0.009439200444197668,
    "main_low_conf_0p70_ratio": 0.01526929483620211,
    "main_confidence_bins": [
      {
        "bin": "[0.00,0.60)",
        "n": 34,
        "error_rate": 0.5588235294117647,
        "mean_confidence": 0.5476946126242188
      },
      {
        "bin": "[0.60,0.70)",
        "n": 21,
        "error_rate": 0.47619047619047616,
        "mean_confidence": 0.6451861325500903
      },
      {
        "bin": "[0.70,0.80)",
        "n": 32,
        "error_rate": 0.25,
        "mean_confidence": 0.7510864477464232
      },
      {
        "bin": "[0.80,0.90)",
        "n": 36,
        "error_rate": 0.3055555555555556,
        "mean_confidence": 0.8557785379266846
      },
      {
        "bin": "[0.90,1.00)",
        "n": 3479,
        "error_rate": 0.02040816326530612,
        "mean_confidence": 0.9976060462341646
      }
    ],
    "turn_confidence_mean": 0.8372671669451269,
    "turn_confidence_error_mean": 0.781358058220984,
    "turn_low_conf_0p60_ratio": 0.14519711271515826,
    "turn_low_conf_0p70_ratio": 0.24014436424208774,
    "turn_confidence_bins": [
      {
        "bin": "[0.00,0.60)",
        "n": 523,
        "error_rate": 0.615678776290631,
        "mean_confidence": 0.5127422578179884
      },
      {
        "bin": "[0.60,0.70)",
        "n": 342,
        "error_rate": 0.6111111111111112,
        "mean_confidence": 0.6496568482394015
      },
      {
        "bin": "[0.70,0.80)",
        "n": 355,
        "error_rate": 0.5014084507042254,
        "mean_confidence": 0.7536527125560671
      },
      {
        "bin": "[0.80,0.90)",
        "n": 523,
        "error_rate": 0.4875717017208413,
        "mean_confidence": 0.8544913065491067
      },
      {
        "bin": "[0.90,1.00)",
        "n": 1859,
        "error_rate": 0.29747175901022055,
        "mean_confidence": 0.9742032415906816
      }
    ],
    "theta_mae_rad": 0.01185767725110054,
    "theta_mae_deg": 0.6793948411941528,
    "uphill_recall": 0.7494266055045872,
    "downhill_recall": 0.7928490351872872,
    "slope_sign_acc": 0.9746149458071877,
    "theta_flat_mae_deg": 0.6804766654968262,
    "theta_flat_abs_p95_deg": 2.556459426879883,
    "theta_flat_abs_max_deg": 5.335739612579346,
    "theta_flat_bias_deg": -0.47606202960014343,
    "theta_flat_n": 756.0,
    "theta_near_flat_mae_deg": 0.7597319483757019,
    "theta_near_flat_abs_p95_deg": 2.397310733795166,
    "theta_near_flat_abs_max_deg": 5.335739612579346,
    "theta_near_flat_bias_deg": -0.5854495763778687,
    "theta_near_flat_n": 278.0,
    "theta_true_zero_mae_deg": null,
    "theta_true_zero_abs_p95_deg": null,
    "theta_true_zero_abs_max_deg": null,
    "theta_true_zero_bias_deg": null,
    "theta_true_zero_n": 0.0,
    "theta_flat_turn_mae_deg": 0.7237988710403442,
    "theta_flat_turn_abs_p95_deg": 2.250434160232544,
    "theta_flat_turn_abs_max_deg": 4.876499176025391,
    "theta_flat_turn_bias_deg": -0.6099698543548584,
    "theta_flat_turn_n": 141.0,
    "theta_slope_control_mae_deg": 0.6793948411941528,
    "theta_slope_control_abs_p95_deg": 9.625502586364746,
    "theta_slope_control_abs_max_deg": 12.74919605255127,
    "theta_slope_control_bias_deg": -0.2525699734687805,
    "theta_slope_control_n": 3506.0,
    "theta_all_mae_deg": 0.6793947815895081,
    "theta_all_rmse_deg": 0.9201287627220154,
    "theta_all_p95_abs_err_deg": 1.8274644613265991,
    "theta_all_max_abs_err_deg": 6.077713966369629,
    "theta_all_bias_deg": -0.2525699734687805,
    "theta_all_n": 3506.0,
    "theta_active_abs_ge_2_mae_deg": 0.6790974140167236,
    "theta_active_abs_ge_2_rmse_deg": 0.9289533495903015,
    "theta_active_abs_ge_2_p95_abs_err_deg": 1.8383079767227173,
    "theta_active_abs_ge_2_max_abs_err_deg": 6.077713966369629,
    "theta_active_abs_ge_2_bias_deg": -0.19112996757030487,
    "theta_active_abs_ge_2_n": 2750.0,
    "theta_abs_le_8_mae_deg": 0.6618751883506775,
    "theta_abs_le_8_rmse_deg": 0.8755006790161133,
    "theta_abs_le_8_p95_abs_err_deg": 1.7706108093261719,
    "theta_abs_le_8_max_abs_err_deg": 5.811408519744873,
    "theta_abs_le_8_bias_deg": -0.25670427083969116,
    "theta_abs_le_8_n": 2815.0,
    "theta_abs_le_10_mae_deg": 0.6793947815895081,
    "theta_abs_le_10_rmse_deg": 0.9201287627220154,
    "theta_abs_le_10_p95_abs_err_deg": 1.8274644613265991,
    "theta_abs_le_10_max_abs_err_deg": 6.077713966369629,
    "theta_abs_le_10_bias_deg": -0.2525699734687805,
    "theta_abs_le_10_n": 3506.0,
    "theta_pos_8_10_mae_deg": 0.9173101782798767,
    "theta_pos_8_10_rmse_deg": 1.3014670610427856,
    "theta_pos_8_10_p95_abs_err_deg": 2.7550570964813232,
    "theta_pos_8_10_max_abs_err_deg": 6.077713966369629,
    "theta_pos_8_10_bias_deg": -0.4389483630657196,
    "theta_pos_8_10_n": 328.0,
    "theta_neg_10_8_mae_deg": 0.6002803444862366,
    "theta_neg_10_8_rmse_deg": 0.838198721408844,
    "theta_neg_10_8_p95_abs_err_deg": 1.3394129276275635,
    "theta_neg_10_8_max_abs_err_deg": 4.854051113128662,
    "theta_neg_10_8_bias_deg": -0.052101049572229385,
    "theta_neg_10_8_n": 363.0,
    "theta_pos_6_8_mae_deg": 0.5540636777877808,
    "theta_pos_6_8_rmse_deg": 0.7625554800033569,
    "theta_pos_6_8_p95_abs_err_deg": 1.5540719032287598,
    "theta_pos_6_8_max_abs_err_deg": 3.742820978164673,
    "theta_pos_6_8_bias_deg": 0.00013056759780738503,
    "theta_pos_6_8_n": 378.0,
    "theta_neg_8_6_mae_deg": 0.6559374332427979,
    "theta_neg_8_6_rmse_deg": 0.8323327302932739,
    "theta_neg_8_6_p95_abs_err_deg": 1.7457139492034912,
    "theta_neg_8_6_max_abs_err_deg": 4.08131742477417,
    "theta_neg_8_6_bias_deg": -0.28892046213150024,
    "theta_neg_8_6_n": 378.0,
    "theta_neg_4_2_mae_deg": 0.7348068952560425,
    "theta_neg_4_2_rmse_deg": 0.9222822785377502,
    "theta_neg_4_2_p95_abs_err_deg": 1.859180212020874,
    "theta_neg_4_2_max_abs_err_deg": 4.31748628616333,
    "theta_neg_4_2_bias_deg": -0.49218177795410156,
    "theta_neg_4_2_n": 330.0,
    "theta_neg_2_0p5_mae_deg": 0.6102249622344971,
    "theta_neg_2_0p5_rmse_deg": 0.7803659439086914,
    "theta_neg_2_0p5_p95_abs_err_deg": 1.5686184167861938,