controller,zone,t0,t1,duration_s,n_samples,ey_rmse,ey_peak,ey_iae,epsi_rmse,epsi_peak,ev_rmse,ev_peak,eomega_rmse,eomega_peak,xy_rmse,xy_peak,F_rms,F_peak,F_sat595_pct,F_limit_hit_pct,omega_cmd_rms,omega_cmd_peak,omega_sat060_pct,omega_limit_hit_pct,viol_rate,j_du,dF_rms,domega_cmd_rms,solve_time_p50_ms,solve_time_p95_ms,solve_time_p99_ms,solve_time_max_ms,timeout_rate,theta_mae_deg,theta_peak_deg,theta_sched_mae_deg,theta_hat_step_p95_deg,theta_sched_step_p95_deg,main_acc_pct,turn_acc_pct,flat_false_slope_pct,slope_recall_pct,right_recall_pct,left_recall_pct,pred_main_1_pct,pred_main_2_pct,pred_main_3_pct,pred_turn_m1_pct,pred_turn_0_pct,pred_turn_1_pct
ModernTCN,all,0,46,46,4551,0.00548430030657185,0.0128993755078058,0.18593045146668,0.0101505015302524,0.022443683343303,0.00717862761844144,0.139448946311377,0.00723648637805018,0.0354128589782252,0.25849567715467,0.264137978586901,30.9461266856756,158.536309520714,0,0,0.0483007402674041,0.269714412624164,0,0,0,0.0837180002029349,0.289233299687523,0.00788026362517982,0.0206958,0.022963295,0.024716409,0.4411651,0,0,0,0,0,0,100,52.0105471324984,0,NaN,55.2723059096176,16.1066048667439,100,0,0,17.7763128982641,57.7235772357724,24.5001098659635
modern_fixed_seed101,all,0,46,46,4551,0.00457346024150799,0.0122193553552036,0.137815939704916,0.0106871692784651,0.0232578620112502,0.00717841458025778,0.139448946311377,0.00709468686276341,0.0348129906094183,0.261235462658196,0.264140952920115,30.9465982629664,158.536309520714,0,0,0.0497899839332959,0.323734900088435,0,0,0,0.091641026741799,0.302486600245655,0.0119533850278593,0.0210168,0.022963765,0.024547166,0.3042327,0,0,0,0,0,0,100,55.0208745330697,0,NaN,20.3939745075319,10.0811123986095,100,0,0,23.0059327620303,63.304768182817,13.6892990551527
uncertainty_weighted_seed101,all,0,46,46,4551,0.00971072359402907,0.0257145974223081,0.287599478099193,0.00984979484839782,0.0229557924826797,0.00717972067121725,0.139448946311377,0.00813121521582231,0.0353380533763261,0.260341875524047,0.264133097211286,30.9462669199606,158.536309520714,0,0,0.0497099202466916,0.318706368223375,0,0,0,0.0878966636997163,0.296317090660202,0.00963563606564293,0.0208494,0.0229203,0.024718086,0.2566693,0,0.031129208200316,2.0396561924649,0,0,0,100,35.5526257965282,0,NaN,45.6546929316338,32.9084588644264,100,0,0,10.6569984618765,34.2342342342342,55.1087673038893
