{
  "overall": {
    "n": 3602,
    "expert_mean_deg": {
      "flat": 0.10909105092287064,
      "stall": -6.841334819793701,
      "slope": -0.20981143414974213
    },
    "expert_std_deg": {
      "flat": 3.1114625930786133,
      "stall": 18.07563591003418,
      "slope": 5.809504508972168
    },
    "contribution_mean_deg": {
      "flat": 0.08430606126785278,
      "stall": -0.040606483817100525,
      "slope": -0.17041227221488953
    },
    "contribution_abs_share_mean": {
      "flat": 0.21181820333003998,
      "stall": 0.024110805243253708,
      "slope": 0.7640738487243652
    },
    "main_prob_mean": {
      "flat": 0.2174689918756485,
      "stall": 0.022163400426506996,
      "slope": 0.7603685259819031
    },
    "p_main_entropy_mean": 0.03425898775458336
  },
  "by_true_main": {
    "flat": {
      "n": 756,
      "expert_mean_deg": {
        "flat": 0.26434898376464844,
        "stall": -5.855526447296143,
        "slope": -0.7834843993186951
      },
      "expert_std_deg": {
        "flat": 1.2679543495178223,
        "stall": 16.174192428588867,
        "slope": 1.655837059020996
      },
      "contribution_mean_deg": {
        "flat": 0.2646331489086151,
        "stall": 0.0005092580686323345,
        "slope": -0.02180401049554348
      },
      "contribution_abs_share_mean": {
        "flat": 0.9356090426445007,
        "stall": 0.0075803170911967754,
        "slope": 0.05681174620985985
      },
      "main_prob_mean": {
        "flat": 0.9543986916542053,
        "stall": 0.0010475843446329236,
        "slope": 0.04455377161502838
      },
      "p_main_entropy_mean": 0.05886396765708923
    },
    "stall": {
      "n": 96,
      "expert_mean_deg": {
        "flat": 1.8078781366348267,
        "stall": -1.7545251846313477,
        "slope": 4.453125953674316
      },
      "expert_std_deg": {
        "flat": 2.657891035079956,
        "stall": 14.151199340820312,
        "slope": 5.980267524719238
      },
      "contribution_mean_deg": {
        "flat": -0.048368096351623535,
        "stall": -0.3045593202114105,
        "slope": 1.0496429204940796
      },
      "contribution_abs_share_mean": {
        "flat": 0.0880236104130745,
        "stall": 0.7037027478218079,
        "slope": 0.20827347040176392
      },
      "main_prob_mean": {
        "flat": 0.09511195868253708,
        "stall": 0.6981467604637146,
        "slope": 0.20674143731594086
      },
      "p_main_entropy_mean": 0.04676666855812073
    },
    "slope": {
      "n": 2750,
      "expert_mean_deg": {
        "flat": 0.0071058920584619045,
        "stall": -7.289918422698975,
        "slope": -0.21488189697265625
      },
      "expert_std_deg": {
        "flat": 3.4459035396575928,
        "stall": 18.646034240722656,
        "slope": 6.430778980255127
      },
      "contribution_mean_deg": {
        "flat": 0.039364028722047806,
        "stall": -0.042695268988609314,
        "slope": -0.25385716557502747
      },
      "contribution_abs_share_mean": {
        "flat": 0.017163926735520363,
        "stall": 0.004931385163217783,
        "slope": 0.9779090881347656
      },
      "main_prob_mean": {
        "flat": 0.019152885302901268,
        "stall": 0.0043704756535589695,
        "slope": 0.9764805436134338
      },
      "p_main_entropy_mean": 0.027058221399784088
    }
  },
  "by_pred_main": {
    "flat": {
      "n": 782,
      "expert_mean_deg": {
        "flat": 0.37779730558395386,
        "stall": -5.23817777633667,
        "slope": -0.7349857687950134
      },
      "expert_std_deg": {
        "flat": 1.3587771654129028,
        "stall": 16.919004440307617,
        "slope": 1.6629858016967773
      },
      "contribution_mean_deg": {
        "flat": 0.36410295963287354,
        "stall": 0.0012712967582046986,
        "slope": -0.012514556758105755
      },
      "contribution_abs_share_mean": {
        "flat": 0.9558333158493042,
        "stall": 0.006988303270190954,
        "slope": 0.03717988356947899
      },
      "main_prob_mean": {
        "flat": 0.9754071831703186,
        "stall": 0.0006481126183643937,
        "slope": 0.023944776505231857
      },
      "p_main_entropy_mean": 0.06284865736961365
    },
    "stall": {
      "n": 80,
      "expert_mean_deg": {
        "flat": 2.1475167274475098,
        "stall": -1.8959457874298096,
        "slope": 5.287498474121094
      },
      "expert_std_deg": {
        "flat": 2.7332911491394043,
        "stall": 14.179914474487305,
        "slope": 6.131092548370361
      },
      "contribution_mean_deg": {
        "flat": 0.005508746951818466,
        "stall": -1.5941784381866455,
        "slope": 0.37144631147384644
      },
      "contribution_abs_share_mean": {
        "flat": 0.0018684264505282044,
        "stall": 0.9417387843132019,
        "slope": 0.05639277771115303
      },
      "main_prob_mean": {
        "flat": 0.0029026251286268234,
        "stall": 0.946717381477356,
        "slope": 0.050380218774080276
      },
      "p_main_entropy_mean": 0.1158137172460556
    },
    "slope": {
      "n": 2740,
      "expert_mean_deg": {
        "flat": -0.027114350348711014,
        "stall": -7.443265438079834,
        "slope": -0.22043068706989288
      },
      "expert_std_deg": {
        "flat": 3.438218832015991,
        "stall": 18.442853927612305,
        "slope": 6.443605899810791
      },
      "contribution_mean_deg": {
        "flat": 0.006752209737896919,
        "stall": -0.007198782172054052,
        "slope": -0.23129737377166748
      },
      "contribution_abs_share_mean": {
        "flat": 0.005606151185929775,
        "stall": 0.0022056754678487778,
        "slope": 0.9921928644180298
      },
      "main_prob_mean": {
        "flat": 0.007418269291520119,
        "stall": 0.0013097480405122042,
        "slope": 0.99127596616745
      },
      "p_main_entropy_mean": 0.023718295618891716
    }
  }
}
