label,n,mae_deg,p95_abs_err_deg,bias_deg
flat,782,0.8074083924293518,2.4523074626922607,0.2852367162704468
stall,80,11.42506217956543,24.380081176757812,-2.4244675636291504
slope,2740,0.597958505153656,1.6934453248977661,-0.13232070207595825
