controller,zone,t0,t1,duration_s,n_samples,ey_rmse,ey_peak,ey_iae,epsi_rmse,epsi_peak,ev_rmse,ev_peak,eomega_rmse,eomega_peak,xy_rmse,xy_peak,F_rms,F_peak,F_sat595_pct,F_limit_hit_pct,omega_cmd_rms,omega_cmd_peak,omega_sat060_pct,omega_limit_hit_pct,viol_rate,j_du,dF_rms,domega_cmd_rms,solve_time_p50_ms,solve_time_p95_ms,solve_time_p99_ms,solve_time_max_ms,timeout_rate,theta_mae_deg,theta_peak_deg,theta_sched_mae_deg,theta_hat_step_p95_deg,theta_sched_step_p95_deg,main_acc_pct,turn_acc_pct,flat_false_slope_pct,slope_recall_pct,right_recall_pct,left_recall_pct,pred_main_1_pct,pred_main_2_pct,pred_main_3_pct,pred_turn_m1_pct,pred_turn_0_pct,pred_turn_1_pct
ModernTCN,all,0,32,32,3151,0.0073464954944129,0.019254150113772,0.137017195914436,0.0146725710456665,0.0290819814203008,0.00860931752571562,0.139448946311377,0.00497809592898984,0.0259658150025718,0.264090997661055,0.273928106953961,31.627421446701,158.536309520714,0,0,0.078719545664189,0.328004909251783,0,0,0,0.118172554621781,0.343684144009535,0.00733237875553902,0.0352955,0.053438185,0.058592108,4.5832177,0,0,0,0,0,0,100,68.6766105998096,0,NaN,59.8430346631785,NaN,100,0,0,29.0384005077753,41.8597270707712,29.1018724214535
modern_fixed_seed101,all,0,32,32,3151,0.0106775837903546,0.025211702163269,0.204350596282697,0.0118923123760869,0.0214366384007776,0.00861450789299945,0.139448946311377,0.0050337619358948,0.00967061825406319,0.260397480115119,0.265030535766978,31.6287150206563,158.536309520714,0,0,0.0712016175794335,0.327861076744461,0,0,0,0.116567305539333,0.34138516180753,0.00484529018526155,0.0280199,0.04918015,0.05589721,3.9143721,0,0,0,0,0,0,100,39.3843224373215,0,NaN,0,NaN,100,0,0,0,71.4376388448112,28.5623611551888
uncertainty_weighted_seed101,all,0,32,32,3151,0.0028736049545164,0.00573518453914722,0.067806531381966,0.0132196568845575,0.0231102488619941,0.00861138364904965,0.139448946311377,0.0026098703286387,0.0206823509732981,0.262251736424259,0.265067166792017,31.6285161465918,158.536309520714,0,0,0.0748146636003468,0.367233917403678,0,0,0,0.125252958708018,0.353787820802902,0.00933469654307489,0.0250256,0.04194942,0.052198391,0.5922295,0,0,0,0,0,0,100,38.3052999047921,0,NaN,11.1183780248528,NaN,100,0,0,5.39511266264678,41.7645192002539,52.8403681370993
