controller,zone,t0,t1,duration_s,n_samples,ey_rmse,ey_peak,ey_iae,epsi_rmse,epsi_peak,ev_rmse,ev_peak,eomega_rmse,eomega_peak,xy_rmse,xy_peak,F_rms,F_peak,F_sat595_pct,F_limit_hit_pct,omega_cmd_rms,omega_cmd_peak,omega_sat060_pct,omega_limit_hit_pct,viol_rate,j_du,dF_rms,domega_cmd_rms,solve_time_p50_ms,solve_time_p95_ms,solve_time_p99_ms,solve_time_max_ms,timeout_rate,theta_mae_deg,theta_peak_deg,theta_sched_mae_deg,theta_hat_step_p95_deg,theta_sched_step_p95_deg,main_acc_pct,turn_acc_pct,flat_false_slope_pct,slope_recall_pct,right_recall_pct,left_recall_pct,pred_main_1_pct,pred_main_2_pct,pred_main_3_pct,pred_turn_m1_pct,pred_turn_0_pct,pred_turn_1_pct
ModernTCN,all,0,190,190,18951,0.0245874609316147,0.0939922479837368,2.48405398134843,0.043754511810438,0.167513100248761,0.053477878280232,0.190203210968939,0.0306930216550044,0.210590174078852,0.803550269364692,1.80747383586158,152.340255053044,285.675884258571,0,0,0.0934076086745542,0.885983862141834,0.0580444303730674,0,0,0.599076410510401,0.773916567812523,0.011382292198177,0.0211616,0.02331765,0.025348016,1.7755434,0,0.897377805501962,2.86971938788866,0.923914464944868,0.0115872280318676,0.00904855289017109,94.1375125323202,81.3941216822331,4.58604875693942,93.14580403188,78.1954887218045,34.4566133108677,45.575431375653,0,54.424568624347,17.5294179726664,75.3627776898317,7.10780433750198
GRU,all,0,190,190,18951,0.06232803794267,0.369619872655338,6.10974819353243,0.171351680504205,0.707988731690454,0.0753078258195945,0.196241128038734,0.0652708775334986,0.323764872521927,1.66414310061046,3.65631007909039,152.719326734412,325.035346080072,0,0,0.17181311454445,1.55445970907783,1.98406416547939,0,0,7.02976505781702,2.65129968593145,0.0193657738499398,0.0118141,0.017432165,0.0224919450000001,0.6778855,0,0.366353224149829,2.0020421451946,0.341450734266633,0.0137679871832325,0.0103252384149589,92.2167695636114,80.0696533164477,4.17571807868694,89.5171120487576,63.0325814536341,72.7604605447908,45.9236979578914,1.87325207113081,52.2030499709778,16.5848767875046,64.1971399926125,19.2179832198829
