controller,zone,t0,t1,duration_s,n_samples,ey_rmse,ey_peak,ey_iae,epsi_rmse,epsi_peak,ev_rmse,ev_peak,eomega_rmse,eomega_peak,xy_rmse,xy_peak,F_rms,F_peak,F_sat595_pct,F_limit_hit_pct,omega_cmd_rms,omega_cmd_peak,omega_sat060_pct,omega_limit_hit_pct,viol_rate,j_du,dF_rms,domega_cmd_rms,solve_time_p50_ms,solve_time_p95_ms,solve_time_p99_ms,solve_time_max_ms,timeout_rate,theta_mae_deg,theta_peak_deg,theta_sched_mae_deg,theta_hat_step_p95_deg,theta_sched_step_p95_deg,main_acc_pct,turn_acc_pct,flat_false_slope_pct,slope_recall_pct,right_recall_pct,left_recall_pct,pred_main_1_pct,pred_main_2_pct,pred_main_3_pct,pred_turn_m1_pct,pred_turn_0_pct,pred_turn_1_pct
ModernTCN,all,0,52,52,5151,0.00605019146758959,0.0174898540671783,0.205078987739219,0.0122520316655326,0.0277423185062347,0.0183780678821182,0.250891911489194,0.00705294231756698,0.0423485601467302,0.358665518674731,0.370176362043132,35.6791989636072,258.516230214387,0,0,0.042309114313821,0.365363128799374,0,0,0,0.130097398915272,0.360555291399356,0.00986310089157407,0.0205251,0.0233692,0.028640763,3.4195593,0,0.0262074586257361,3.8,0.0262074586257361,0,0,99.3011065812464,58.2605319355465,0,0,36.5661861074705,20.4456094364351,100,0,0,10.8716754028344,63.8710929916521,25.2572316055135
modern_fixed_seed101,all,0,52,52,5151,0.00463657142045252,0.0114665943705835,0.175902302302817,0.0136453354692976,0.0311501329956955,0.0183785138870834,0.250891911489194,0.00903419855938071,0.0417860907803703,0.362355737526914,0.370176519096333,35.679818910659,258.516230214387,0,0,0.0456835529715881,0.434277869665522,0,0,0,0.141912963934827,0.37637382704634,0.0159908176563297,0.0206681,0.02452788,0.026246104,3.2510439,0,0.0262074586257361,3.8,0.0262074586257361,0,0,99.3011065812464,53.0382450009707,0,0,22.4115334207077,12.4508519003932,100,0,0,19.491360900796,58.8817705299942,21.6268685692099
uncertainty_weighted_seed101,all,0,52,52,5151,0.0136573612237158,0.0405775232767776,0.473481651437065,0.0125302094492134,0.029901312838987,0.0183787633129489,0.250891911489194,0.00909038115764041,0.0426424127233714,0.358569833736294,0.370171662995657,35.6792868528397,258.516230214387,0,0,0.0433795296098673,0.531708638310773,0,0,0,0.132907368516987,0.364377840923177,0.0116686572128455,0.0206581,0.022620125,0.024053133,0.4352733,0,0.19194672061399,3.8,0.0262074586257361,0.00089686469945832,0,99.3011065812464,42.0500873616773,0,0,64.6133682830931,22.0183486238532,100,0,0,14.6379343816735,42.3218792467482,43.0401863715783
