{
  "overall": {
    "n": 3602,
    "expert_mean_deg": {
      "flat": -0.5146911144256592,
      "stall": 10.524907112121582,
      "slope": -0.3422141671180725
    },
    "expert_std_deg": {
      "flat": 3.6197705268859863,
      "stall": 19.21710777282715,
      "slope": 5.835260391235352
    },
    "contribution_mean_deg": {
      "flat": -0.002032431773841381,
      "stall": 0.3705343008041382,
      "slope": -0.20871563255786896
    },
    "contribution_abs_share_mean": {
      "flat": 0.21142424643039703,
      "stall": 0.02617260441184044,
      "slope": 0.7624046206474304
    },
    "main_prob_mean": {
      "flat": 0.21602067351341248,
      "stall": 0.023220831528306007,
      "slope": 0.7607588171958923
    },
    "p_main_entropy_mean": 0.0353965163230896
  },
  "by_true_main": {
    "flat": {
      "n": 756,
      "expert_mean_deg": {
        "flat": -0.18868103623390198,
        "stall": 10.87411880493164,
        "slope": -1.3380035161972046
      },
      "expert_std_deg": {
        "flat": 1.2301599979400635,
        "stall": 13.709023475646973,
        "slope": 1.519775152206421
      },
      "contribution_mean_deg": {
        "flat": -0.1255398690700531,
        "stall": 0.016323434188961983,
        "slope": -0.09222356975078583
      },
      "contribution_abs_share_mean": {
        "flat": 0.9197750091552734,
        "stall": 0.008231455460190773,
        "slope": 0.07199445366859436
      },
      "main_prob_mean": {
        "flat": 0.9343043565750122,
        "stall": 0.002715331967920065,
        "slope": 0.0629812479019165
      },
      "p_main_entropy_mean": 0.04945918172597885
    },
    "stall": {
      "n": 96,
      "expert_mean_deg": {
        "flat": 1.435010552406311,
        "stall": 17.79722785949707,
        "slope": 4.190354824066162
      },
      "expert_std_deg": {
        "flat": 4.080015659332275,
        "stall": 17.368436813354492,
        "slope": 6.183867931365967
      },
      "contribution_mean_deg": {
        "flat": 0.002286013914272189,
        "stall": 12.704780578613281,
        "slope": 1.1013553142547607
      },
      "contribution_abs_share_mean": {
        "flat": 0.08723872900009155,
        "stall": 0.7069382667541504,
        "slope": 0.20582301914691925
      },
      "main_prob_mean": {
        "flat": 0.08885834366083145,
        "stall": 0.7034136652946472,
        "slope": 0.20772796869277954
      },
      "p_main_entropy_mean": 0.03314735367894173
    },
    "slope": {
      "n": 2750,
      "expert_mean_deg": {
        "flat": -0.6723762154579163,
        "stall": 10.175047874450684,
        "slope": -0.22669018805027008
      },
      "expert_std_deg": {
        "flat": 3.9972848892211914,
        "stall": 20.482030868530273,
        "slope": 6.451866149902344
      },
      "contribution_mean_deg": {
        "flat": 0.031770139932632446,
        "stall": 0.037333954125642776,
        "slope": -0.28647392988204956
      },
      "contribution_abs_share_mean": {
        "flat": 0.021028723567724228,
        "stall": 0.007340001408010721,
        "slope": 0.9716354012489319
      },
      "main_prob_mean": {
        "flat": 0.02299843728542328,
        "stall": 0.005113162100315094,
        "slope": 0.9718917012214661
      },
      "p_main_entropy_mean": 0.031609077006578445
    }
  },
  "by_pred_main": {
    "flat": {
      "n": 780,
      "expert_mean_deg": {
        "flat": -0.006239503622055054,
        "stall": 10.929679870605469,
        "slope": -1.1024634838104248
      },
      "expert_std_deg": {
        "flat": 1.2629563808441162,
        "stall": 13.564289093017578,
        "slope": 1.6185566186904907
      },
      "contribution_mean_deg": {
        "flat": -0.012315222062170506,
        "stall": 0.01842627488076687,
        "slope": -0.0017005527624860406
      },
      "contribution_abs_share_mean": {
        "flat": 0.9558715224266052,
        "stall": 0.008539927192032337,
        "slope": 0.03558938205242157
      },
      "main_prob_mean": {
        "flat": 0.9735175371170044,
        "stall": 0.0017336339224129915,
        "slope": 0.024749992415308952
      },
      "p_main_entropy_mean": 0.06361255794763565
    },
    "stall": {
      "n": 79,
      "expert_mean_deg": {
        "flat": 1.489424228668213,
        "stall": 15.819256782531738,
        "slope": 4.62851095199585
      },
      "expert_std_deg": {
        "flat": 4.245034217834473,
        "stall": 18.53763198852539,
        "slope": 6.366053104400635
      },
      "contribution_mean_deg": {
        "flat": -0.0077315280213952065,
        "stall": 15.623113632202148,
        "slope": 0.19467341899871826
      },
      "contribution_abs_share_mean": {
        "flat": 0.004584895446896553,
        "stall": 0.9577165246009827,
        "slope": 0.03769856318831444
      },
      "main_prob_mean": {
        "flat": 0.0026986123993992805,
        "stall": 0.956404983997345,
        "slope": 0.040896330028772354
      },
      "p_main_entropy_mean": 0.0936986654996872
    },
    "slope": {
      "n": 2743,
      "expert_mean_deg": {
        "flat": -0.7169937491416931,
        "stall": 10.257336616516113,
        "slope": -0.26918885111808777
      },
      "expert_std_deg": {
        "flat": 4.000415325164795,
        "stall": 20.537879943847656,
        "slope": 6.4745635986328125
      },
      "contribution_mean_deg": {
        "flat": 0.0010557196801528335,
        "stall": 0.031377825886011124,
        "slope": -0.2792006731033325
      },
      "contribution_abs_share_mean": {
        "flat": 0.0056915548630058765,
        "stall": 0.004357748199254274,
        "slope": 0.9899548888206482
      },
      "main_prob_mean": {
        "flat": 0.0067639597691595554,
        "stall": 0.002454789588227868,
        "slope": 0.990784227848053
      },
      "p_main_entropy_mean": 0.0256938599050045
    }
  }
}
