label,n,mae_deg,p95_abs_err_deg,bias_deg
flat,780,0.8031491637229919,1.892177700996399,-0.21323713660240173
stall,79,19.097166061401367,44.7089958190918,15.044476509094238
slope,2743,0.6518169045448303,1.794528841972351,-0.11800114065408707
