controller,zone,t0,t1,duration_s,n_samples,ey_rmse,ey_peak,ey_iae,epsi_rmse,epsi_peak,ev_rmse,ev_peak,eomega_rmse,eomega_peak,xy_rmse,xy_peak,F_rms,F_peak,F_sat595_pct,F_limit_hit_pct,omega_cmd_rms,omega_cmd_peak,omega_sat060_pct,omega_limit_hit_pct,viol_rate,j_du,dF_rms,domega_cmd_rms,solve_time_p50_ms,solve_time_p95_ms,solve_time_p99_ms,solve_time_max_ms,timeout_rate,theta_mae_deg,theta_peak_deg,theta_sched_mae_deg,theta_hat_step_p95_deg,theta_sched_step_p95_deg,main_acc_pct,turn_acc_pct,flat_false_slope_pct,slope_recall_pct,right_recall_pct,left_recall_pct,pred_main_1_pct,pred_main_2_pct,pred_main_3_pct,pred_turn_m1_pct,pred_turn_0_pct,pred_turn_1_pct
ModernTCN,all,0,40,40,3951,0,0,0,0,0,0.0362019674163125,0.150014742771977,0,0,0.479192995803985,0.890654243764033,126.946150147715,213.982223742532,0,0,1.47706894366888e-05,7.53120710418886e-05,0,0,0,2.49355797311381,1.5791003682819,2.40179637063563e-06,0.0279436,0.045529395,0.053709758,0.4605767,0,0.745276649999575,2.77355707908163,0.821152202970943,0.0118980739819819,0.0215649010881132,93.4700075930144,100,4.91257285595337,92.7636363636364,NaN,NaN,33.9407744874715,0,66.0592255125285,0,100,0
modern_fixed_seed101,all,0,40,40,3951,0,0,0,0,0,0.0325273493398472,0.150014742771977,0,0,0.26306451528991,0.479361579132977,126.900606922852,211.556270631394,0,0,1.20073819818628e-05,8.44716795173062e-05,0,0,0,1.32375055146238,1.15054358955153,2.06562682103271e-06,0.0209538,0.023002695,0.024448199,0.2533973,0,0.533422738115889,2.94563042091837,0.653034907821017,0.0110101876935961,0.020501102186473,94.0521386990635,100,5.66194837635304,93.9272727272727,NaN,NaN,32.9030625158188,0,67.0969374841812,0,100,0
uncertainty_weighted_seed101,all,0,40,40,3951,0,0,0,0,0,0.0311690568360183,0.150014742771977,0,0,0.382460189076583,0.65052144271273,126.993803674971,211.377128820357,0,0,1.27726442529694e-05,8.31678733969748e-05,0,0,0,3.26424195809743,1.80672132828834,2.33328477360508e-06,0.021197,0.03061941,0.045766646,0.2421956,0,0.562136082628238,2.83315720663265,0.668490086006953,0.0119230487424607,0.0225969661271861,93.0144267274108,100,8.74271440466278,93.7818181818182,NaN,NaN,32.0678309288788,0,67.9321690711212,0,100,0
