controller,n_paths,eomega_rmse_mean,eomega_rmse_worst,epsi_rmse_mean,epsi_rmse_worst,ev_rmse_mean,ev_rmse_worst,ey_peak_mean,ey_peak_worst,ey_rmse_mean,ey_rmse_worst,j_du_mean,j_du_worst,left_recall_pct_mean,left_recall_pct_worst,main_acc_pct_mean,main_acc_pct_worst,omega_cmd_peak_mean,omega_cmd_peak_worst,omega_cmd_rms_mean,omega_cmd_rms_worst,right_recall_pct_mean,right_recall_pct_worst,slope_recall_pct_mean,slope_recall_pct_worst,theta_mae_deg_mean,theta_mae_deg_worst,theta_sched_mae_deg_mean,theta_sched_mae_deg_worst,turn_acc_pct_mean,turn_acc_pct_worst,viol_rate_mean,viol_rate_worst,xy_rmse_mean,xy_rmse_worst
baseline_lock,3,0.0198479903106892,0.0295813297600726,0.0395281150431306,0.0438205586620913,0.0394246414172925,0.0565547314665031,0.10106659151051,0.12690287779986,0.0340541598964198,0.0405837714490269,4.73336252454802,7.78615426540432,38.0195614983174,56.4476885644769,94.4445123562036,98.2058994248325,0.661361441292809,1.35086687840308,0.0725761346213963,0.0792461283900394,85.626217991058,91.3473423980222,95.7896658763004,97.2245663384904,0.618880320311513,0.794694392365761,0.788736574125418,1.16142933202247,53.6149667029795,65.321091235291,0,0,0.600747319384481,0.759372661078766
mode_theta_detach_flatreg001_seed21_rerun_20260622,3,0.0169210610917618,0.0224234905166287,0.0418306683518337,0.0617080647115519,0.0413776541580754,0.0690213436180732,0.139731981022468,0.227286399240999,0.046237535322282,0.0668906719289653,4.86719940274165,8.23726004065443,40.0106392212901,66.0796324655437,95.4345814605056,97.8945702073769,0.50565236632318,0.722554027344231,0.07187689857485,0.0837759303449827,68.0807218404267,83.8071693448702,96.4672425210324,98.3872480075012,0.706280110376738,1.18946945537262,0.798512129817966,1.37011836736213,59.0981779137049,70.0834789361289,0,0,0.65835960607258,0.858965873309045
uncertainty_seed101_rerun_20260622,3,0.0186249203648196,0.0310157446512076,0.0379209992142139,0.0450153637640199,0.0386847897381118,0.0618189727805997,0.0853034077040677,0.0879646929756186,0.0296269727303799,0.0320073177605506,4.68786764219691,10.4109954491019,55.9625818414687,81.2404287901991,92.4382837181255,95.2614637749987,0.314479362648833,0.501639162964204,0.0710415972600494,0.0775516488676524,77.3318224115527,92.7070457354759,95.7220046747412,98.4810126582279,0.552765365548615,0.816997910687637,0.737903448650957,1.20352040420546,53.9766889668855,62.7062706270627,0,0,0.553890709479584,0.769554098918744
