controller,zone,t0,t1,duration_s,n_samples,ey_rmse,ey_peak,ey_iae,epsi_rmse,epsi_peak,ev_rmse,ev_peak,eomega_rmse,eomega_peak,xy_rmse,xy_peak,F_rms,F_peak,F_sat595_pct,F_limit_hit_pct,omega_cmd_rms,omega_cmd_peak,omega_sat060_pct,omega_limit_hit_pct,viol_rate,j_du,dF_rms,domega_cmd_rms,solve_time_p50_ms,solve_time_p95_ms,solve_time_p99_ms,solve_time_max_ms,timeout_rate,theta_mae_deg,theta_peak_deg,theta_sched_mae_deg,theta_hat_step_p95_deg,theta_sched_step_p95_deg,main_acc_pct,turn_acc_pct,flat_false_slope_pct,slope_recall_pct,right_recall_pct,left_recall_pct,pred_main_1_pct,pred_main_2_pct,pred_main_3_pct,pred_turn_m1_pct,pred_turn_0_pct,pred_turn_1_pct
ModernTCN,all,0,56,56,5551,0.00331329441780523,0.0105516575178369,0.11064904375433,0.00814065808314545,0.0225061144863,0.0105264327433857,0.232177555857812,0.00668553982932149,0.0329665430784567,0.276306690114076,0.287481915532459,31.5166001954212,243.356075961143,0,0,0.0342549365735217,0.296348114882751,0,0,0,0.303295453341919,0.550667996188261,0.00775959508768175,0.0353507,0.059690605,0.073685952,0.3971993,0,0.0166951978218762,3.5,0.0166951978218762,0,0,99.5496306971717,73.5723293100342,0,0,57.5317604355717,27.4047186932849,100,0,0,17.5283732660782,68.8884885606197,13.5831381733021
modern_fixed_seed101,all,0,56,56,5551,0.00342798822668221,0.0113085415402529,0.117455225662431,0.00832219020988244,0.0214440243784814,0.0105264683877626,0.232177555857812,0.00724890284531055,0.0338639257051164,0.276429638023428,0.287481915532459,31.5166044585273,243.356075961143,0,0,0.034143643706929,0.290873758772472,0,0,0,0.303458271916638,0.550809355744834,0.00820521423235704,0.0212554,0.022912935,0.024304709,0.2452828,0,0.0166951978218762,3.5,0.0166951978218762,0,0,99.5496306971717,66.078184110971,0,0,30.6715063520871,17.6043557168784,100,0,0,15.4386597009548,66.1502431994235,18.4110970996217
uncertainty_weighted_seed101,all,0,56,56,5551,0.00477380693062444,0.0148626108318032,0.160429289144158,0.00779672659173267,0.0247996729335732,0.0105257382622828,0.232177555857812,0.00574541148667814,0.0394563964582033,0.276648816302728,0.287481915532459,31.5164843622257,243.356075961143,0,0,0.0340035232373504,0.255339842892506,0,0,0,0.300293142697357,0.54797058104545,0.00462439250814248,0.0212493,0.023162455,0.024822361,0.248142,0,0.0166951978218762,3.5,0.0166951978218762,0,0,99.5496306971717,39.8847054584759,0,0,61.8874773139746,29.4010889292196,100,0,0,11.0970996216898,38.5516123221041,50.3512880562061
