controller,zone,t0,t1,duration_s,n_samples,ey_rmse,ey_peak,ey_iae,epsi_rmse,epsi_peak,ev_rmse,ev_peak,eomega_rmse,eomega_peak,xy_rmse,xy_peak,F_rms,F_peak,F_sat595_pct,F_limit_hit_pct,omega_cmd_rms,omega_cmd_peak,omega_sat060_pct,omega_limit_hit_pct,viol_rate,j_du,dF_rms,domega_cmd_rms,solve_time_p50_ms,solve_time_p95_ms,solve_time_p99_ms,solve_time_max_ms,timeout_rate,theta_mae_deg,theta_peak_deg,theta_sched_mae_deg,theta_hat_step_p95_deg,theta_sched_step_p95_deg,main_acc_pct,turn_acc_pct,flat_false_slope_pct,slope_recall_pct,right_recall_pct,left_recall_pct,pred_main_1_pct,pred_main_2_pct,pred_main_3_pct,pred_turn_m1_pct,pred_turn_0_pct,pred_turn_1_pct
ModernTCN,all,0,56,56,5551,0.00331329441780523,0.0105516575178369,0.11064904375433,0.00814065808314545,0.0225061144863,0.0105264327433857,0.232177555857812,0.00668553982932149,0.0329665430784567,0.276306690114076,0.287481915532459,31.5166001954212,243.356075961143,0,0,0.0342549365735217,0.296348114882751,0,0,0,0.303295453341919,0.550667996188261,0.00775959508768175,0.0353507,0.059690605,0.073685952,0.3971993,0,0.0166951978218762,3.5,0.0166951978218762,0,0,99.5496306971717,73.5723293100342,0,0,57.5317604355717,27.4047186932849,100,0,0,17.5283732660782,68.8884885606197,13.5831381733021
modern_fixed_seed101,all,0,56,56,5551,0.00466651198377042,0.0154680838163147,0.145173912804018,0.00782607044310014,0.0209954374176596,0.0105259701322795,0.232177555857812,0.00558076470736744,0.0322472136678586,0.276347999148535,0.287481915532459,31.5165740863856,243.356075961143,0,0,0.0333138215127094,0.278074052300663,0,0,0,0.3014937566663,0.549046291358019,0.00647507623933227,0.0235142,0.02732514,0.029790374,0.2714732,0,0.0166951978218762,3.5,0.0166951978218762,0,0,99.5496306971717,33.0751215997118,0,0,0,43.7386569872958,100,0,0,3.1886146640245,35.8674112772473,60.9439740587282
uncertainty_weighted_seed340,all,0,56,56,5551,0.00399392384445538,0.012202967650249,0.139327773561039,0.00781817206523119,0.0240139897800709,0.010525772495272,0.232177555857812,0.00604213967135344,0.0391014412023555,0.276455077811883,0.287481915532459,31.5165176158077,243.356075961143,0,0,0.0340033201371057,0.263966441062003,0,0,0,0.301011933469223,0.548614113859371,0.00587260960050657,0.0232864,0.02750358,0.029337383,0.2772065,0,0.0166951978218762,3.5,0.0166951978218762,0,0,99.5496306971717,60.5296343001261,0,0,0,30.1270417422868,100,0,0,1.18897495946676,69.1587101423167,29.6523148982165
