{
  "overall": {
    "n": 3602,
    "expert_mean_deg": {
      "flat": 0.029444023966789246,
      "stall": 13.753890991210938,
      "slope": 0.03626745194196701
    },
    "expert_std_deg": {
      "flat": 3.2943665981292725,
      "stall": 18.31159782409668,
      "slope": 5.853603839874268
    },
    "contribution_mean_deg": {
      "flat": -0.06102319061756134,
      "stall": 0.0929415374994278,
      "slope": -0.07683447003364563
    },
    "contribution_abs_share_mean": {
      "flat": 0.21319164335727692,
      "stall": 0.024003462865948677,
      "slope": 0.7628070712089539
    },
    "main_prob_mean": {
      "flat": 0.21790197491645813,
      "stall": 0.021957524120807648,
      "slope": 0.7601416707038879
    },
    "p_main_entropy_mean": 0.026804137974977493
  },
  "by_true_main": {
    "flat": {
      "n": 756,
      "expert_mean_deg": {
        "flat": -0.37331047654151917,
        "stall": 9.530725479125977,
        "slope": -0.18438401818275452
      },
      "expert_std_deg": {
        "flat": 1.3239145278930664,
        "stall": 16.678709030151367,
        "slope": 1.5894341468811035
      },
      "contribution_mean_deg": {
        "flat": -0.39256545901298523,
        "stall": 0.006541572976857424,
        "slope": 0.01170729286968708
      },
      "contribution_abs_share_mean": {
        "flat": 0.9461331367492676,
        "stall": 0.006384279578924179,
        "slope": 0.047483183443546295
      },
      "main_prob_mean": {
        "flat": 0.9624843597412109,
        "stall": 0.0009884944884106517,
        "slope": 0.036528654396533966
      },
      "p_main_entropy_mean": 0.04188612475991249
    },
    "stall": {
      "n": 96,
      "expert_mean_deg": {
        "flat": 1.0944756269454956,
        "stall": 9.75754451751709,
        "slope": 5.232921123504639
      },
      "expert_std_deg": {
        "flat": 2.798337936401367,
        "stall": 16.437604904174805,
        "slope": 6.067660331726074
      },
      "contribution_mean_deg": {
        "flat": -0.00021055975230410695,
        "stall": 2.25288987159729,
        "slope": 1.3688784837722778
      },
      "contribution_abs_share_mean": {
        "flat": 0.08702587336301804,
        "stall": 0.6884422302246094,
        "slope": 0.22453202307224274
      },
      "main_prob_mean": {
        "flat": 0.09510987251996994,
        "stall": 0.6698524355888367,
        "slope": 0.23503755033016205
      },
      "p_main_entropy_mean": 0.04792211577296257
    },
    "slope": {
      "n": 2750,
      "expert_mean_deg": {
        "flat": 0.10298553109169006,
        "stall": 15.054365158081055,
        "slope": -0.08448386192321777
      },
      "expert_std_deg": {
        "flat": 3.656564712524414,
        "stall": 18.60493278503418,
        "slope": 6.475346565246582
      },
      "contribution_mean_deg": {
        "flat": 0.02799789421260357,
        "stall": 0.04129185900092125,
        "slope": -0.15164367854595184
      },
      "contribution_abs_share_mean": {
        "flat": 0.01610502041876316,
        "stall": 0.005652343388646841,
        "slope": 0.9782468676567078
      },
      "main_prob_mean": {
        "flat": 0.01749769225716591,
        "stall": 0.005104789510369301,
        "slope": 0.9774019122123718
      },
      "p_main_entropy_mean": 0.02192075364291668
    }
  },
  "by_pred_main": {
    "flat": {
      "n": 780,
      "expert_mean_deg": {
        "flat": -0.301225483417511,
        "stall": 10.739712715148926,
        "slope": -0.09619137644767761
      },
      "expert_std_deg": {
        "flat": 1.3179833889007568,
        "stall": 17.11545753479004,
        "slope": 1.6070536375045776
      },
      "contribution_mean_deg": {
        "flat": -0.3030795454978943,
        "stall": 0.006164275109767914,
        "slope": -0.001316526555456221
      },
      "contribution_abs_share_mean": {
        "flat": 0.9677690267562866,
        "stall": 0.006122012622654438,
        "slope": 0.026109619066119194
      },
      "main_prob_mean": {
        "flat": 0.9847189784049988,
        "stall": 0.0009474047692492604,
        "slope": 0.014335147105157375
      },
      "p_main_entropy_mean": 0.040979333221912384
    },
    "stall": {
      "n": 76,
      "expert_mean_deg": {
        "flat": 0.9198074340820312,
        "stall": 4.39675760269165,
        "slope": 6.291097164154053
      },
      "expert_std_deg": {
        "flat": 2.771083354949951,
        "stall": 12.424307823181152,
        "slope": 6.208602428436279
      },
      "contribution_mean_deg": {
        "flat": 0.0008942374843172729,
        "stall": 3.8661234378814697,
        "slope": 0.28293538093566895
      },
      "contribution_abs_share_mean": {
        "flat": 7.841444312362e-05,
        "stall": 0.9610001444816589,
        "slope": 0.03892139345407486
      },
      "main_prob_mean": {
        "flat": 0.000410088716307655,
        "stall": 0.9647347331047058,
        "slope": 0.03485516458749771
      },
      "p_main_entropy_mean": 0.08187273889780045
    },
    "slope": {
      "n": 2746,
      "expert_mean_deg": {
        "flat": 0.098728246986866,
        "stall": 14.869027137756348,
        "slope": -0.09922019392251968
      },
      "expert_std_deg": {
        "flat": 3.6704511642456055,
        "stall": 18.60409927368164,
        "slope": 6.483775615692139
      },
      "contribution_mean_deg": {
        "flat": 0.006019268650561571,
        "stall": 0.013161720708012581,
        "slope": -0.10824239253997803
      },
      "contribution_abs_share_mean": {
        "flat": 0.0047539472579956055,
        "stall": 0.0031499448232352734,
        "slope": 0.992100715637207
      },
      "main_prob_mean": {
        "flat": 0.0061091152019798756,
        "stall": 0.0018326746067032218,
        "slope": 0.9920625686645508
      },
      "p_main_entropy_mean": 0.021253567188978195
    }
  }
}
