label,n,mae_deg,p95_abs_err_deg,bias_deg
flat,780,0.9543322324752808,2.413520097732544,-0.4142073392868042
stall,76,12.214317321777344,30.32949447631836,2.9090471267700195
slope,2746,0.5389853119850159,1.5298858880996704,0.023002976551651955
