controller,zone,t0,t1,duration_s,n_samples,ey_rmse,ey_peak,ey_iae,epsi_rmse,epsi_peak,ev_rmse,ev_peak,eomega_rmse,eomega_peak,xy_rmse,xy_peak,F_rms,F_peak,F_sat595_pct,F_limit_hit_pct,omega_cmd_rms,omega_cmd_peak,omega_sat060_pct,omega_limit_hit_pct,viol_rate,j_du,dF_rms,domega_cmd_rms,solve_time_p50_ms,solve_time_p95_ms,solve_time_p99_ms,solve_time_max_ms,timeout_rate,theta_mae_deg,theta_peak_deg,theta_sched_mae_deg,theta_hat_step_p95_deg,theta_sched_step_p95_deg,main_acc_pct,turn_acc_pct,flat_false_slope_pct,slope_recall_pct,right_recall_pct,left_recall_pct,pred_main_1_pct,pred_main_2_pct,pred_main_3_pct,pred_turn_m1_pct,pred_turn_0_pct,pred_turn_1_pct
baseline_lock_seed101,all,0,52,52,5151,0.0405837714490269,0.12690287779986,1.40274657735239,0.0415952419404275,0.0946014381012255,0.0355769981358947,0.129934566927505,0.0219126603467524,0.100119389051316,0.513652824986013,0.679181139413126,157.137673102785,224.704391134481,0,0,0.0792461283900394,1.35086687840308,0.07765482430596,0,0,5.32370259076876,2.30721172899333,0.0218318199973113,0.0205367,0.023242955,0.025462993,3.2166322,0,0.600177618700356,3.32314074074074,0.712585144187336,0.016546320359511,0.0240934768744909,94.1370607649,48.8448844884488,12.323064113239,96.1012658227848,91.3473423980222,46.6309341500766,23.4323432343234,0,76.5676567656766,27.4898078043098,36.2065618326539,36.3036303630363
mode_theta_detach_flatreg001_seed21_rerun_20260622,all,0,52,52,5151,0.0280525776575799,0.0572740911271541,1.04811554006496,0.0224362070726686,0.0575058350268075,0.0334776650719439,0.139969461268104,0.0123919082853684,0.0490219412693557,0.312006544025554,0.532036434630239,157.017594933183,223.998123642859,0,0,0.0770487714421215,0.445284609979243,0,0,0,2.44119532752218,1.56240517133059,0.00924165145490614,0.0209332,0.022973165,0.025966839,0.4701564,0,0.563556995732409,4.0872,0.644243645906779,0.0175608754087274,0.0239578927128687,96.039603960396,70.0834789361289,6.07826810990841,96.6835443037975,83.8071693448702,66.0796324655437,24.4418559503009,0,75.5581440496991,23.4905843525529,49.5049504950495,27.0044651523976
