controller,zone,t0,t1,duration_s,n_samples,ey_rmse,ey_peak,ey_iae,epsi_rmse,epsi_peak,ev_rmse,ev_peak,eomega_rmse,eomega_peak,xy_rmse,xy_peak,F_rms,F_peak,F_sat595_pct,F_limit_hit_pct,omega_cmd_rms,omega_cmd_peak,omega_sat060_pct,omega_limit_hit_pct,viol_rate,j_du,dF_rms,domega_cmd_rms,solve_time_p50_ms,solve_time_p95_ms,solve_time_p99_ms,solve_time_max_ms,timeout_rate,theta_mae_deg,theta_peak_deg,theta_sched_mae_deg,theta_hat_step_p95_deg,theta_sched_step_p95_deg,main_acc_pct,turn_acc_pct,flat_false_slope_pct,slope_recall_pct,right_recall_pct,left_recall_pct,pred_main_1_pct,pred_main_2_pct,pred_main_3_pct,pred_turn_m1_pct,pred_turn_0_pct,pred_turn_1_pct
ModernTCN,all,0,190,190,18951,0.0142360739178463,0.0757641736418966,1.68132964594139,0.0104283015495264,0.0335968608315169,0.00346491916073179,0.136277379825928,0.0087922898446473,0.0506034729009559,0.249938544161552,0.29069590474148,29.9631445890995,155.600062422454,0,0,0.0457580118667112,0.352012794580852,0,0,0,0.0303518833318744,0.17382008398182,0.011766976520228,0.0204958,0.02531632,0.044056378,7.0757707,0,0,0,0,0,0,99.8416970080735,51.5117935728985,0.158302991926547,NaN,58.5657370517928,6.14087898856111,99.8416970080735,0,0.158302991926547,36.7368476597541,40.515012400401,22.7481399398449
modern_fixed_seed101,all,0,190,190,18951,0.00689806819309142,0.0316809892068582,0.9088239401573,0.00876639203719104,0.025165590773655,0.00345719507991827,0.136277379825928,0.00667249277685904,0.0382766348025154,0.242593356491637,0.264558617988658,29.9627016101509,155.600062422454,0,0,0.0428665291782399,0.276684491339685,0,0,0,0.0223893384764374,0.149472162355277,0.00688557603074634,0.0264451,0.046203175,0.0550993790000001,4.2521573,0,0,0,0,0,0,99.8364202416759,39.2380349321935,0.163579758324099,NaN,2.28559446424827,0,99.8364202416759,0,0.163579758324099,12.7961585140626,51.8495066223418,35.3543348635956
uncertainty_weighted_seed101,all,0,190,190,18951,0.00892232213176885,0.0346757840637166,0.971484871324261,0.00802360598659198,0.0203082191862203,0.00346291260164346,0.136277379825928,0.00536075778354907,0.0214316782679099,0.239485415922042,0.264278220949693,29.9626636812578,155.600062422454,0,0,0.0419278563512825,0.303410513203719,0,0,0,0.0233618091213035,0.152653964313719,0.00765351557189489,0.0219087,0.03730556,0.049806966,0.6089866,0,0,0,0,0,0,100,13.8726188591631,0,NaN,0,13.2149307645996,100,0,0,9.29766239248588,19.1071711255343,71.5951664819798
