{
  "baseline_J_control": 1,
  "anchor_seed101_J_control": 0.94411711953914,
  "phase2_screen": [
    {
      "run_id": "a2_freeze_early_seed21",
      "seed": 21,
      "acc_main": 0.964741810105497,
      "acc_turn": 0.60022209883398114,
      "acc_turn_transition": 0.52309985096870337,
      "theta_mae_deg": 0.6691511869430542,
      "theta_edge_p95_abs_err": 2.8892924785614014,
      "flat_peak_theta_error": 5.4865818023681641,
      "flat_recall": 0.95370370370370372,
      "stall_recall": 0.69791666666666663,
      "slope_recall": 0.97709090909090912,
      "offline_v2_score": 1.0027145726968616,
      "strict_offline_pass": true,
      "strict_offline_reasons": "pass"
    },
    {
      "run_id": "a2_freeze_early_seed42",
      "seed": 42,
      "acc_main": 0.97057190449750141,
      "acc_turn": 0.61021654636313161,
      "acc_turn_transition": 0.50670640834575265,
      "theta_mae_deg": 0.7006189227104187,
      "theta_edge_p95_abs_err": 2.8622055053710938,
      "flat_peak_theta_error": 6.0848417282104492,
      "flat_recall": 0.96825396825396826,
      "stall_recall": 0.70833333333333337,
      "slope_recall": 0.98036363636363633,
      "offline_v2_score": 1.0164729826975636,
      "strict_offline_pass": true,
      "strict_offline_reasons": "pass"
    },
    {
      "run_id": "a2_freeze_early_seed101",
      "seed": 101,
      "acc_main": 0.96418656302054417,
      "acc_turn": 0.60022209883398114,
      "acc_turn_transition": 0.518628912071535,
      "theta_mae_deg": 0.75326704978942871,
      "theta_edge_p95_abs_err": 2.7191722393035889,
      "flat_peak_theta_error": 6.1138567924499512,
      "flat_recall": 0.966931216931217,
      "stall_recall": 0.69791666666666663,
      "slope_recall": 0.97272727272727277,
      "offline_v2_score": 1.0226002832418386,
      "strict_offline_pass": true,
      "strict_offline_reasons": "pass"
    }
  ],
  "sentinel": [
    {
      "phase_label": "sentinel",
      "seed": 21,
      "run_id": "a2_freeze_early_seed21",
      "n_paths": 3,
      "mean_J_control": 2.120818302643722,
      "worst_J_control": 3.5724274890641672,
      "mean_j_du_ratio": 6.4798900864448905,
      "mean_omega_cmd_rms_ratio": 1.1059421999806607,
      "path_catastrophic_count": 2
    },
    {
      "phase_label": "sentinel",
      "seed": 42,
      "run_id": "a2_freeze_early_seed42",
      "n_paths": 3,
      "mean_J_control": 1.6131915832767836,
      "worst_J_control": 2.5873601315544597,
      "mean_j_du_ratio": 4.2332307284994668,
      "mean_omega_cmd_rms_ratio": 1.1475478800745678,
      "path_catastrophic_count": 2
    }
  ],
  "full": {},
  "phase2_pass_rate": 1,
  "phase2_seed21_pass": true,
  "phase2_seed42_pass": true,
  "phase2_seed101_pass": true,
  "decision_class": "Class 5",
  "can_claim_recipe_level_replacement": false,
  "can_claim_paper_main_method": false,
  "best_candidate": "a2_freeze_early",
  "stop_reason": "Sentinel closed-loop did not meet the aggregate J_control and control-ratio thresholds.",
  "recommended_paper_wording": "Offline-stable candidate, but closed-loop sentinel did not clear the promotion gate.",
  "multiseed_offline_pass_rate": 0.66666666666666663,
  "multiseed_closed_loop_mean_J": null,
  "multiseed_closed_loop_worst_J": null,
  "multiseed_closed_loop_median_J": null,
  "multiseed_closed_loop_mean_j_du_ratio": null,
  "multiseed_closed_loop_mean_omega_ratio": null
}
