controller,zone,t0,t1,duration_s,n_samples,ey_rmse,ey_peak,ey_iae,epsi_rmse,epsi_peak,ev_rmse,ev_peak,eomega_rmse,eomega_peak,xy_rmse,xy_peak,F_rms,F_peak,F_sat595_pct,F_limit_hit_pct,omega_cmd_rms,omega_cmd_peak,omega_sat060_pct,omega_limit_hit_pct,viol_rate,j_du,dF_rms,domega_cmd_rms,solve_time_p50_ms,solve_time_p95_ms,solve_time_p99_ms,solve_time_max_ms,timeout_rate,theta_mae_deg,theta_peak_deg,theta_sched_mae_deg,theta_hat_step_p95_deg,theta_sched_step_p95_deg,main_acc_pct,turn_acc_pct,flat_false_slope_pct,slope_recall_pct,right_recall_pct,left_recall_pct,pred_main_1_pct,pred_main_2_pct,pred_main_3_pct,pred_turn_m1_pct,pred_turn_0_pct,pred_turn_1_pct
ModernTCN,all,0,180,180,17951,0.0169898846300479,0.0548915085215502,1.89624811175125,0.049640185400189,0.199012534043643,0.0407113228765564,0.150725000753661,0.0108763665799915,0.202645987296526,0.918396965967495,1.79668121007181,94.8083173607996,222.701989551896,0,0,0.0735865405129453,0.990659542022675,0.0111414405882681,0,0,1.27094789735964,1.12734186982264,0.00694304720165407,0.0202692,0.022232695,0.024114975,1.5597406,0,0.6393947263317,3.10376811978383,0.647155683032405,0.0121457714282214,0.0100304147955119,96.1729151579299,80.8701465099437,5.1027281913102,98.6666666666667,8.93772893772894,74.1858887381275,63.2332460587154,0,36.7667539412846,1.3592557517687,85.4158542699571,13.2248899782742
GRU,all,0,180,180,17951,0.0202570148503326,0.0548915085215502,2.42560631075089,0.0575034698788882,0.249738068644081,0.071597392114422,0.203635083764674,0.0146916672125205,0.207363329778557,1.15945941032929,2.35907286411276,94.4085400926819,234.20155930824,0,0,0.0770481636535671,0.500805311036384,0,0,0,0.553684999378066,0.744051595601492,0.00849837990098706,0.0107818,0.012001985,0.012811596,0.9955354,0,0.976840424785889,5.30056458405581,0.971601438079422,0.0784278014604291,0.0147873897058533,83.1987075928918,82.3798117096541,0.631525766251263,52.8230452674897,30.2564102564103,62.9579375848033,74.2577015208066,7.4480530332572,18.2942454459362,5.53172525207509,84.1290178820121,10.3392568659128
