controller,zone,t0,t1,duration_s,n_samples,ey_rmse,ey_peak,ey_iae,epsi_rmse,epsi_peak,ev_rmse,ev_peak,eomega_rmse,eomega_peak,xy_rmse,xy_peak,F_rms,F_peak,F_sat595_pct,F_limit_hit_pct,omega_cmd_rms,omega_cmd_peak,omega_sat060_pct,omega_limit_hit_pct,viol_rate,j_du,dF_rms,domega_cmd_rms,solve_time_p50_ms,solve_time_p95_ms,solve_time_p99_ms,solve_time_max_ms,timeout_rate,theta_mae_deg,theta_peak_deg,theta_sched_mae_deg,theta_hat_step_p95_deg,theta_sched_step_p95_deg,main_acc_pct,turn_acc_pct,flat_false_slope_pct,slope_recall_pct,right_recall_pct,left_recall_pct,pred_main_1_pct,pred_main_2_pct,pred_main_3_pct,pred_turn_m1_pct,pred_turn_0_pct,pred_turn_1_pct
ModernTCN,all,0,245.82,245.82,24533,0.0274909112031697,0.274201314911951,1.63734784570382,0.104380997328254,0.496997846385333,0.0516722022904072,0.14532129456715,0.0280419428460319,0.302955091158027,2.44119566554353,4.29072273487659,125.247560031487,221.134017257777,0,0,0.0787404973622727,1.21414386722068,0.623649777850243,0,0,0.926265717093764,0.96239263441385,0.00813230101082663,0.0216054,0.024426865,0.026489935,1.6940924,0,0.378933541574306,2.07483021634955,0.420849008389734,0.00801715935349162,0.0032814266872795,98.0516039620104,95.3002078832593,1.25335720680394,97.5690607734807,78.2397782397782,NaN,41.8986671014552,0,58.1013328985448,14.3357926058778,84.7226185138385,0.9415888802837
GRU,all,0,245.82,245.82,24533,0.0193370550861136,0.198214330278357,1.16371466103294,0.0799234601939705,0.358901205537863,0.040374206647563,0.14532129456715,0.0185931052830129,0.212548008566274,1.87239453893171,3.25361756982888,125.167097377605,218.435979655826,0,0,0.050732259969946,0.966184494050624,0.0611421350833571,0,0,1.00901214988964,1.00444374601194,0.0102426064624604,0.0100524,0.01179708,0.012740161,2.8566095,0,0.507877803265335,1.84859222591724,0.507485424447613,0.00399819318861245,0.00430900216774752,95.3246647372926,97.5380100273102,2.46692529593156,94.5303867403315,89.8128898128898,NaN,40.2722863082379,2.92259405698447,56.8051196347776,16.337178494273,83.4875473851547,0.17527412057229
