controller,zone,t0,t1,duration_s,n_samples,ey_rmse,ey_peak,ey_iae,epsi_rmse,epsi_peak,ev_rmse,ev_peak,eomega_rmse,eomega_peak,xy_rmse,xy_peak,F_rms,F_peak,F_sat595_pct,F_limit_hit_pct,omega_cmd_rms,omega_cmd_peak,omega_sat060_pct,omega_limit_hit_pct,viol_rate,j_du,dF_rms,domega_cmd_rms,solve_time_p50_ms,solve_time_p95_ms,solve_time_p99_ms,solve_time_max_ms,timeout_rate,theta_mae_deg,theta_peak_deg,theta_sched_mae_deg,theta_hat_step_p95_deg,theta_sched_step_p95_deg,main_acc_pct,turn_acc_pct,flat_false_slope_pct,slope_recall_pct,right_recall_pct,left_recall_pct,pred_main_1_pct,pred_main_2_pct,pred_main_3_pct,pred_turn_m1_pct,pred_turn_0_pct,pred_turn_1_pct
ModernTCN,all,0,180,180,17951,0.0169551671096267,0.0548915085215502,1.88693914020475,0.0417322918922839,0.16789245742233,0.0403009982284036,0.150725000753661,0.0106104542850972,0.202645987296526,0.790106805657505,1.5485739047931,94.8562934807243,225.328973927192,0,0,0.0735600726588066,0.990659542022675,0.0111414405882681,0,0,1.18897947425465,1.09038147135329,0.00690805211952408,0.0207463,0.022829345,0.024550794,3.1071224,0,0.616679569936004,3.14232086114587,0.626175310525011,0.0107982495151107,0.00932906846699596,96.7132750264609,80.8200100272965,3.99124284270798,98.0905349794239,8.93772893772894,72.8290366350068,64.1635563478358,0,35.8364436521642,1.92746922177038,85.8113754108406,12.261155367389
GRU,all,0,180,180,17951,0.0230764545826669,0.0769491476897106,2.91152328648729,0.206278464275679,0.735204196140276,0.0680425569367767,0.215343474200436,0.0201108028603545,0.195372668112612,3.36477237268786,7.59154502375546,96.0983134841492,240.671463371616,0,0,0.0739420505594423,0.542583067960937,0,0,0,2.24709825118576,1.49901218047025,0.00779320136867415,0.0098784,0.011682595,0.012452488,0.6697297,0,0.408242447482415,3.75820231116493,0.469137166387992,0.0172784347939569,0.016144736171407,95.0643418193972,76.9929251852264,3.89019872010778,93.0205761316872,53.003663003663,9.70149253731343,65.7177873098992,0.228399532059495,34.0538131580413,8.06083226561194,89.3153584758509,2.62380925853713
