controller,zone,t0,t1,duration_s,n_samples,ey_rmse,ey_peak,ey_iae,epsi_rmse,epsi_peak,ev_rmse,ev_peak,eomega_rmse,eomega_peak,xy_rmse,xy_peak,F_rms,F_peak,F_sat595_pct,F_limit_hit_pct,omega_cmd_rms,omega_cmd_peak,omega_sat060_pct,omega_limit_hit_pct,viol_rate,j_du,dF_rms,domega_cmd_rms,solve_time_p50_ms,solve_time_p95_ms,solve_time_p99_ms,solve_time_max_ms,timeout_rate,theta_mae_deg,theta_peak_deg,theta_sched_mae_deg,theta_hat_step_p95_deg,theta_sched_step_p95_deg,main_acc_pct,turn_acc_pct,flat_false_slope_pct,slope_recall_pct,right_recall_pct,left_recall_pct,pred_main_1_pct,pred_main_2_pct,pred_main_3_pct,pred_turn_m1_pct,pred_turn_0_pct,pred_turn_1_pct
ModernTCN,all,0,180,180,17951,0.0169898846300479,0.0548915085215502,1.89624811175125,0.049640185400189,0.199012534043643,0.0407113228765564,0.150725000753661,0.0108763665799915,0.202645987296526,0.918396965967495,1.79668121007181,94.8083173607996,222.701989551896,0,0,0.0735865405129453,0.990659542022675,0.0111414405882681,0,0,1.27094789735964,1.12734186982264,0.00694304720165407,0.0202692,0.022232695,0.024114975,1.5597406,0,0.6393947263317,3.10376811978383,0.647155683032405,0.0121457714282214,0.0100304147955119,96.1729151579299,80.8701465099437,5.1027281913102,98.6666666666667,8.93772893772894,74.1858887381275,63.2332460587154,0,36.7667539412846,1.3592557517687,85.4158542699571,13.2248899782742
GRU,all,0,180,180,17951,0.0230764545826669,0.0769491476897106,2.91152328648729,0.206278464275679,0.735204196140276,0.0680425569367767,0.215343474200436,0.0201108028603545,0.195372668112612,3.36477237268786,7.59154502375546,96.0983134841492,240.671463371616,0,0,0.0739420505594423,0.542583067960937,0,0,0,2.24709825118576,1.49901218047025,0.00779320136867415,0.0098784,0.011682595,0.012452488,0.6697297,0,0.408242447482415,3.75820231116493,0.469137166387992,0.0172784347939569,0.016144736171407,95.0643418193972,76.9929251852264,3.89019872010778,93.0205761316872,53.003663003663,9.70149253731343,65.7177873098992,0.228399532059495,34.0538131580413,8.06083226561194,89.3153584758509,2.62380925853713
